Suite/Test/Step Name,Browser,Description,Tag,Start time,End time,Duration,Status
TS02-Testowanie zmiany hasła,Chrome 87.0.4280.141,,,2021-01-15 11:28:22,2021-01-15 11:28:50,"28,404s",PASSED
,,,,,,,
Test Cases/Operacje na stronie bankowej/Zmiana hasła/Poprawna zmiana hasła,Chrome 87.0.4280.141,,,2021-01-15 11:28:23,2021-01-15 11:28:50,"26,929s",PASSED
openBrowser(rawUrl = url),Chrome 87.0.4280.141,,,2021-01-15 11:28:24,2021-01-15 11:28:31,"7,268s",PASSED
maximizeWindow(),Chrome 87.0.4280.141,,,2021-01-15 11:28:31,2021-01-15 11:28:35,"3,673s",PASSED
"click(findTestObject(""Object Repository/Transfer/btn_login""))",Chrome 87.0.4280.141,,,2021-01-15 11:28:35,2021-01-15 11:28:35,"0,632s",PASSED
delay(2),Chrome 87.0.4280.141,,,2021-01-15 11:28:35,2021-01-15 11:28:38,"2,030s",PASSED
"click(findTestObject(""Object Repository/Transfer/btn_password""))",Chrome 87.0.4280.141,,,2021-01-15 11:28:38,2021-01-15 11:28:38,"0,703s",PASSED
"click(findTestObject(""Object Repository/Change_password/btn_settings""))",Chrome 87.0.4280.141,,,2021-01-15 11:28:38,2021-01-15 11:28:42,"3,371s",PASSED
"click(findTestObject(""Object Repository/Change_password/btn_settings_pass""))",Chrome 87.0.4280.141,,,2021-01-15 11:28:42,2021-01-15 11:28:42,"0,704s",PASSED
"setText(findTestObject(""Object Repository/Change_password/inp_pass""), Haslo)",Chrome 87.0.4280.141,,,2021-01-15 11:28:42,2021-01-15 11:28:43,"0,927s",PASSED
"setText(findTestObject(""Object Repository/Change_password/inp_pass_new""), HasloNowe)",Chrome 87.0.4280.141,,,2021-01-15 11:28:43,2021-01-15 11:28:44,"0,859s",PASSED
"setText(findTestObject(""Object Repository/Change_password/inp_pass_confirm""), HasloNowe)",Chrome 87.0.4280.141,,,2021-01-15 11:28:44,2021-01-15 11:28:45,"0,856s",PASSED
"click(findTestObject(""Object Repository/Change_password/btn_save""))",Chrome 87.0.4280.141,,,2021-01-15 11:28:45,2021-01-15 11:28:46,"0,890s",PASSED
"setText(findTestObject(""Object Repository/Change_password/inp_sms""), Sms)",Chrome 87.0.4280.141,,,2021-01-15 11:28:46,2021-01-15 11:28:47,"0,802s",PASSED
"click(findTestObject(""Object Repository/Change_password/btn_sms_confirm""))",Chrome 87.0.4280.141,,,2021-01-15 11:28:47,2021-01-15 11:28:47,"0,489s",PASSED
delay(2),Chrome 87.0.4280.141,,,2021-01-15 11:28:47,2021-01-15 11:28:49,"2,003s",PASSED
"Msg = getText(findTestObject(""Object Repository/Change_password/msg""))",Chrome 87.0.4280.141,,,2021-01-15 11:28:49,2021-01-15 11:28:49,"0,330s",PASSED
assert Wiadomosc == Msg,Chrome 87.0.4280.141,,,2021-01-15 11:28:49,2021-01-15 11:28:49,"0,003s",PASSED
closeBrowser(),Chrome 87.0.4280.141,,,2021-01-15 11:28:49,2021-01-15 11:28:50,"0,694s",PASSED
