Suite/Test/Step Name,Browser,Description,Tag,Start time,End time,Duration,Status
TS02-Testowanie zmiany hasła,Chrome 87.0.4280.141,,,2021-01-15 11:26:47,2021-01-15 11:27:29,"41,832s",FAILED
,,,,,,,
Test Cases/Operacje na stronie bankowej/Zmiana hasła/Poprawna zmiana hasła,Chrome 87.0.4280.141,,,2021-01-15 11:26:49,2021-01-15 11:27:29,"40,171s",FAILED
openBrowser(rawUrl = url),Chrome 87.0.4280.141,,,2021-01-15 11:26:50,2021-01-15 11:26:55,"5,669s",PASSED
maximizeWindow(),Chrome 87.0.4280.141,,,2021-01-15 11:26:55,2021-01-15 11:26:58,"2,196s",PASSED
"click(findTestObject(""Object Repository/Transfer/btn_login""))",Chrome 87.0.4280.141,,,2021-01-15 11:26:58,2021-01-15 11:27:29,"31,551s",FAILED
